Changelist ID,Change Type,Description,Previous Change ID,Current Change ID,Date & Time
22111044,diff-modified,ChangedUser Tags (store_tags)–tags only switched places (hidden to reduce noise),,,2024-01-30T04:38:24+00:00
22103103,diff-modified,ChangedUser Tags (store_tags)–tags only switched places (hidden to reduce noise),,,2024-01-29T16:38:26+00:00
22094590,diff-modified,ChangedUser Tags (store_tags)–tags only switched places (hidden to reduce noise),,,2024-01-29T04:38:23+00:00
22045469,diff-modified,ChangedUser Tags (store_tags)–tags only switched places (hidden to reduce noise),,,2024-01-25T08:13:32+00:00
22023379,diff-modified,ChangedExclude from family sharing(exfgls)–1›2,,,2024-01-23T23:55:36+00:00
21882642,diff-modified,ChangedUser Tags (store_tags)–tags only switched places (hidden to reduce noise),,,2024-01-13T23:10:46+00:00
21829175,diff-modified,ChangedUser Tags (store_tags)–tags only switched places (hidden to reduce noise),,,2024-01-10T08:22:58+00:00
21788100,diff-modified,ChangedUser Tags (store_tags)–tags only switched places (hidden to reduce noise),,,2024-01-06T23:56:34+00:00
21762169,diff-modified,ChangedUser Tags (store_tags)–tags only switched places (hidden to reduce noise),,,2024-01-04T19:56:34+00:00
21699374,diff-modified,ChangedUser Tags (store_tags)–tags only switched places (hidden to reduce noise),,,2023-12-28T19:56:32+00:00
2 months ago· 8 December 2023 – 12:14:58 UTC,diff-modified,ChangedCategoriesRemovedFull Controller Support,,,2023-12-08T12:14:58+00:00
2 months ago· 8 December 2023 – 12:14:58 UTC,diff-removed,RemovedFull Controller Support,,,2023-12-08T12:14:58+00:00
21276568,diff-modified,ChangedUser Tags (store_tags)–tags only switched places (hidden to reduce noise),,,2023-11-25T17:33:38+00:00
21252890,diff-modified,ChangedUser Tags (store_tags)–tags only switched places (hidden to reduce noise),,,2023-11-23T19:03:26+00:00
21241641,diff-modified,ChangedUser Tags (store_tags)–tags only switched places (hidden to reduce noise),,,2023-11-23T03:03:20+00:00
21163723,diff-modified,ChangedUser Tags (store_tags)–tags only switched places (hidden to reduce noise),,,2023-11-17T15:24:32+00:00
20779662,diff-modified,ChangedUser Tags (store_tags)–tags only switched places (hidden to reduce noise),,,2023-10-21T19:39:06+00:00
20772780,diff-modified,ChangedUser Tags (store_tags)–tags only switched places (hidden to reduce noise),,,2023-10-20T23:39:02+00:00
20719162,diff-modified,ChangedUser Tags (store_tags)–tags only switched places (hidden to reduce noise),,,2023-10-17T15:44:52+00:00
20689822,diff-modified,ChangedUser Tags (store_tags)–tags only switched places (hidden to reduce noise),,,2023-10-15T15:44:50+00:00
20677694,diff-modified,ChangedUser Tags (store_tags)–tags only switched places (hidden to reduce noise),,,2023-10-13T23:44:47+00:00
5 months ago· 23 September 2023 – 04:48:03 UTC,diff-modified,ChangedWeb Assetshero_capsule.jpg:21 September 2023 – 04:01:08 UTC(1695268868)›23 September 2023 – 04:37:07 UTC(1695443827),,,2023-09-23T04:48:03+00:00
5 months ago· 23 September 2023 – 04:48:03 UTC,Unknown,hero_capsule.jpg:21 September 2023 – 04:01:08 UTC(1695268868)›23 September 2023 – 04:37:07 UTC(1695443827),,,2023-09-23T04:48:03+00:00
20402188,diff-modified,ChangedStore Asset Modification Time–21 September 2023 – 04:01:08 UTC(1695268868)›23 September 2023 – 04:37:07 UTC(1695443827),,,2023-09-23T04:37:33+00:00
5 months ago· 21 September 2023 – 04:16:03 UTC,diff-modified,ChangedWeb AssetsAddedhero_capsule.jpg:21 September 2023 – 04:01:08 UTC(1695268868),21 September 2023 – 04:01:08 UTC,21 September 2023 – 04:01:08 UTC,2023-09-21T04:16:03+00:00
5 months ago· 21 September 2023 – 04:16:03 UTC,diff-added,Addedhero_capsule.jpg:21 September 2023 – 04:01:08 UTC(1695268868),21 September 2023 – 04:01:08 UTC,21 September 2023 – 04:01:08 UTC,2023-09-21T04:16:03+00:00
20370932,diff-modified,ChangedStore Asset Modification Time–28 October 2019 – 23:50:04 UTC(1572306604)›21 September 2023 – 04:01:08 UTC(1695268868),,,2023-09-21T04:01:48+00:00
19967277,diff-modified,ChangedUser Tags (store_tags)–tags only switched places (hidden to reduce noise),,,2023-08-19T19:43:58+00:00
18617904,diff-modified,ChangedUser Tags (store_tags)–tags only switched places (hidden to reduce noise),,,2023-04-29T00:32:25+00:00
18570197,diff-modified,ChangedUser Tags (store_tags)–tags only switched places (hidden to reduce noise),,,2023-04-25T16:43:59+00:00
18522497,diff-modified,ChangedUser Tags (store_tags)–tags only switched places (hidden to reduce noise),,,2023-04-21T07:43:53+00:00
18462964,diff-modified,ChangedUser Tags (store_tags)–tags only switched places (hidden to reduce noise),,,2023-04-16T22:20:22+00:00
18457654,diff-modified,ChangedUser Tags (store_tags)–tags only switched places (hidden to reduce noise),,,2023-04-16T02:20:14+00:00
18345095,diff-modified,ChangedUser Tags (store_tags)–tags only switched places (hidden to reduce noise),,,2023-04-05T23:34:44+00:00
18330275,diff-modified,ChangedUser Tags (store_tags)–tags only switched places (hidden to reduce noise),,,2023-04-04T23:34:42+00:00
18304482,diff-modified,ChangedUser Tags (store_tags)–tags only switched places (hidden to reduce noise),,,2023-04-03T00:17:48+00:00
18293632,diff-modified,ChangedUser Tags (store_tags)–tags only switched places (hidden to reduce noise),,,2023-04-01T12:17:49+00:00
17988358,diff-modified,ChangedUser Tags (store_tags)–tags only switched places (hidden to reduce noise),,,2023-03-07T20:06:14+00:00
17971680,diff-modified,ChangedUser Tags (store_tags)–tags only switched places (hidden to reduce noise),,,2023-03-06T16:06:22+00:00
17954285,diff-modified,ChangedUser Tags (store_tags)–tags only switched places (hidden to reduce noise),,,2023-03-04T16:06:27+00:00
17921714,diff-modified,ChangedUser Tags (store_tags)–tags only switched places (hidden to reduce noise),,,2023-03-02T00:06:08+00:00
17903658,diff-modified,ChangedUser Tags (store_tags)–tags only switched places (hidden to reduce noise),,,2023-02-28T18:06:32+00:00
17861363,diff-modified,ChangedUser Tags (store_tags)–tags only switched places (hidden to reduce noise),,,2023-02-24T18:06:29+00:00
17850364,diff-modified,ChangedUser Tags (store_tags)–tags only switched places (hidden to reduce noise),,,2023-02-23T22:06:25+00:00
17814378,diff-modified,ChangedUser Tags (store_tags)–tags only switched places (hidden to reduce noise),,,2023-02-21T08:01:17+00:00
17756744,diff-modified,ChangedUser Tags (store_tags)–tags only switched places (hidden to reduce noise),,,2023-02-16T00:01:16+00:00
17747162,diff-modified,ChangedUser Tags (store_tags)–tags only switched places (hidden to reduce noise),,,2023-02-15T08:01:14+00:00
17737928,diff-modified,ChangedUser Tags (store_tags)–tags only switched places (hidden to reduce noise),,,2023-02-14T15:12:47+00:00
17715034,diff-modified,ChangedUser Tags (store_tags)–tags only switched places (hidden to reduce noise),,,2023-02-12T14:12:47+00:00
17687275,diff-modified,ChangedUser Tags (store_tags)–tags only switched places (hidden to reduce noise),,,2023-02-09T17:12:50+00:00
17681966,diff-modified,ChangedUser Tags (store_tags)–tags only switched places (hidden to reduce noise),,,2023-02-09T09:12:45+00:00
17679680,diff-modified,ChangedUser Tags (store_tags)–tags only switched places (hidden to reduce noise),,,2023-02-09T04:12:45+00:00
17652688,diff-modified,ChangedUser Tags (store_tags)–tags only switched places (hidden to reduce noise),,,2023-02-07T04:24:20+00:00
17626712,diff-modified,ChangedUser Tags (store_tags)–tags only switched places (hidden to reduce noise),,,2023-02-04T16:24:28+00:00
17624144,diff-modified,ChangedUser Tags (store_tags)–tags only switched places (hidden to reduce noise),,,2023-02-04T08:24:21+00:00
17590296,diff-modified,ChangedUser Tags (store_tags)–tags only switched places (hidden to reduce noise),,,2023-02-01T20:24:21+00:00
17573039,diff-modified,ChangedUser Tags (store_tags)–tags only switched places (hidden to reduce noise),,,2023-01-31T16:18:21+00:00
17556544,diff-modified,ChangedUser Tags (store_tags)–tags only switched places (hidden to reduce noise),,,2023-01-30T12:18:01+00:00
13 months ago· 13 January 2023 – 00:30:03 UTC,diff-modified,ChangedStore Release Date–TBA›To be announced,,,2023-01-13T00:30:03+00:00
13 months ago· 13 January 2023 – 00:30:02 UTC,diff-removed,RemovedStore API Release Date (may be wrong)–1835388000,,,2023-01-13T00:30:02+00:00
17329195,diff-modified,ChangedUser Tags (store_tags)–tags only switched places (hidden to reduce noise),,,2023-01-10T16:13:55+00:00
17320937,diff-modified,ChangedUser Tags (store_tags)–tags only switched places (hidden to reduce noise),,,2023-01-09T23:28:29+00:00
17308691,diff-modified,ChangedUser Tags (store_tags)–tags only switched places (hidden to reduce noise),,,2023-01-08T20:13:59+00:00
16949991,diff-modified,ChangedUser Tags (store_tags)–tags only switched places (hidden to reduce noise),,,2022-12-04T02:10:15+00:00
16678072,diff-modified,ChangedUser Tags (store_tags)–tags only switched places (hidden to reduce noise),,,2022-11-09T19:44:37+00:00
16624936,diff-modified,ChangedUser Tags (store_tags)–tags only switched places (hidden to reduce noise),,,2022-11-04T16:44:48+00:00
16618158,diff-modified,ChangedUser Tags (store_tags)–tags only switched places (hidden to reduce noise),,,2022-11-04T04:44:33+00:00
16587438,diff-modified,ChangedUser Tags (store_tags)–tags only switched places (hidden to reduce noise),,,2022-11-01T20:02:20+00:00
16584795,diff-modified,ChangedUser Tags (store_tags)–tags only switched places (hidden to reduce noise),,,2022-11-01T16:02:24+00:00
16417158,diff-modified,ChangedUser Tags (store_tags)–tags only switched places (hidden to reduce noise),,,2022-10-19T11:47:06+00:00
16189658,diff-modified,ChangedUser Tags (store_tags)–tags only switched places (hidden to reduce noise),,,2022-09-28T11:59:36+00:00
15785146,diff-modified,ChangedUser Tags (store_tags)–tags only switched places (hidden to reduce noise),,,2022-08-20T01:16:35+00:00
15692402,diff-modified,ChangedUser Tags (store_tags)–tags only switched places (hidden to reduce noise),,,2022-08-10T21:14:00+00:00
15663282,diff-modified,ChangedUser Tags (store_tags)–tags only switched places (hidden to reduce noise),,,2022-08-08T09:09:46+00:00
15658633,diff-modified,ChangedUser Tags (store_tags)–tags only switched places (hidden to reduce noise),,,2022-08-07T17:09:53+00:00
15394599,diff-modified,ChangedUser Tags (store_tags)–tags only switched places (hidden to reduce noise),,,2022-07-12T11:01:41+00:00
15290949,diff-modified,ChangedUser Tags (store_tags)–tags only switched places (hidden to reduce noise),,,2022-07-01T03:56:50+00:00
15287574,diff-modified,ChangedUser Tags (store_tags)–tags only switched places (hidden to reduce noise),,,2022-06-30T19:56:54+00:00
15255703,diff-modified,ChangedUser Tags (store_tags)–tags only switched places (hidden to reduce noise),,,2022-06-28T02:26:36+00:00
15238591,diff-modified,ChangedUser Tags (store_tags)–tags only switched places (hidden to reduce noise),,,2022-06-26T00:20:04+00:00
15213571,diff-modified,ChangedUser Tags (store_tags)–tags only switched places (hidden to reduce noise),,,2022-06-23T12:59:14+00:00
15189724,diff-modified,ChangedUser Tags (store_tags)–tags only switched places (hidden to reduce noise),,,2022-06-21T12:28:49+00:00
14949424,diff-modified,ChangedUser Tags (store_tags)–tags only switched places (hidden to reduce noise),,,2022-05-28T11:51:24+00:00
14883625,diff-modified,ChangedUser Tags (store_tags)–tags only switched places (hidden to reduce noise),,,2022-05-21T21:36:14+00:00
14806673,diff-modified,ChangedUser Tags (store_tags)–tags only switched places (hidden to reduce noise),,,2022-05-13T22:41:09+00:00
14504616,diff-modified,ChangedUser Tags (store_tags)–tags only switched places (hidden to reduce noise),,,2022-04-13T10:08:08+00:00
14488133,diff-modified,ChangedUser Tags (store_tags)–tags only switched places (hidden to reduce noise),,,2022-04-11T21:22:25+00:00
14391904,diff-modified,ChangedUser Tags (store_tags)–tags only switched places (hidden to reduce noise),,,2022-04-01T04:01:16+00:00
14264129,diff-modified,ChangedUser Tags (store_tags)–tags only switched places (hidden to reduce noise),,,2022-03-18T12:23:59+00:00
14241290,diff-modified,ChangedUser Tags (store_tags)–tags only switched places (hidden to reduce noise),,,2022-03-16T12:23:53+00:00
2 years ago· 15 March 2022 – 15:21:55 UTC,diff-added,AddedStore API Release Date (may be wrong)–1835388000,,,2022-03-15T15:21:55+00:00
13766145,diff-modified,ChangedUser Tags (store_tags)–tags only switched places (hidden to reduce noise),,,2022-01-26T05:57:24+00:00
13707054,diff-modified,ChangedUser Tags (store_tags)–tags only switched places (hidden to reduce noise),,,2022-01-20T00:14:54+00:00
12890693,diff-modified,ChangedUser Tags (store_tags)–tags only switched places (hidden to reduce noise),,,2021-10-19T17:21:09+00:00
12868907,diff-modified,ChangedUser Tags (store_tags)–tags only switched places (hidden to reduce noise),,,2021-10-17T09:21:09+00:00
12742601,diff-modified,ChangedUser Tags (store_tags)–tags only switched places (hidden to reduce noise),,,2021-10-03T04:05:07+00:00
12667013,diff-modified,ChangedUser Tags (store_tags)–tags only switched places (hidden to reduce noise),,,2021-09-25T04:04:37+00:00
12602079,diff-modified,ChangedUser Tags (store_tags)–tags only switched places (hidden to reduce noise),,,2021-09-18T00:48:41+00:00
12557563,diff-modified,ChangedUser Tags (store_tags)–tags only switched places (hidden to reduce noise),,,2021-09-14T00:07:31+00:00
12509177,diff-modified,ChangedUser Tags (store_tags)–tags only switched places (hidden to reduce noise),,,2021-09-08T12:07:22+00:00
12475566,diff-modified,ChangedUser Tags (store_tags)–tags only switched places (hidden to reduce noise),,,2021-09-04T00:30:47+00:00
12438770,diff-modified,ChangedUser Tags (store_tags)–tags only switched places (hidden to reduce noise),,,2021-08-31T16:05:08+00:00
12329835,diff-modified,ChangedUser Tags (store_tags)–tags only switched places (hidden to reduce noise),,,2021-08-19T08:11:11+00:00
12326944,diff-modified,ChangedUser Tags (store_tags)–tags only switched places (hidden to reduce noise),,,2021-08-19T00:11:09+00:00
12263263,diff-modified,ChangedUser Tags (store_tags)–tags only switched places (hidden to reduce noise),,,2021-08-11T16:09:13+00:00
12201987,diff-modified,ChangedUser Tags (store_tags)–tags only switched places (hidden to reduce noise),,,2021-08-04T12:07:16+00:00
12175045,diff-modified,ChangedUser Tags (store_tags)–tags only switched places (hidden to reduce noise),,,2021-08-01T08:12:07+00:00
12161089,diff-modified,ChangedUser Tags (store_tags)–tags only switched places (hidden to reduce noise),,,2021-07-30T08:32:43+00:00
12119122,diff-modified,ChangedUser Tags (store_tags)–tags only switched places (hidden to reduce noise),,,2021-07-26T04:27:09+00:00
12109073,diff-modified,ChangedUser Tags (store_tags)–tags only switched places (hidden to reduce noise),,,2021-07-24T08:27:09+00:00
12081203,diff-modified,ChangedUser Tags (store_tags)–tags only switched places (hidden to reduce noise),,,2021-07-21T12:27:10+00:00
12056464,diff-modified,ChangedUser Tags (store_tags)–tags only switched places (hidden to reduce noise),,,2021-07-18T21:18:33+00:00
11984150,diff-modified,ChangedUser Tags (store_tags)–tags only switched places (hidden to reduce noise),,,2021-07-09T16:08:44+00:00
11942406,diff-modified,ChangedUser Tags (store_tags)–tags only switched places (hidden to reduce noise),,,2021-07-05T12:01:18+00:00
11723836,diff-modified,ChangedUser Tags (store_tags)–tags only switched places (hidden to reduce noise),,,2021-06-10T20:52:13+00:00
11584846,diff-modified,ChangedUser Tags (store_tags)–tags only switched places (hidden to reduce noise),,,2021-05-26T12:12:42+00:00
11580131,diff-modified,ChangedUser Tags (store_tags)–tags only switched places (hidden to reduce noise),,,2021-05-26T00:12:36+00:00
11511279,diff-modified,ChangedUser Tags (store_tags)–tags only switched places (hidden to reduce noise),,,2021-05-18T02:17:53+00:00
11495422,diff-modified,ChangedUser Tags (store_tags)–tags only switched places (hidden to reduce noise),,,2021-05-15T18:18:02+00:00
11488994,diff-modified,ChangedUser Tags (store_tags)–tags only switched places (hidden to reduce noise),,,2021-05-14T18:18:00+00:00
11440727,diff-modified,ChangedUser Tags (store_tags)–tags only switched places (hidden to reduce noise),,,2021-05-09T12:12:40+00:00
11438641,diff-modified,ChangedUser Tags (store_tags)–tags only switched places (hidden to reduce noise),,,2021-05-09T00:12:28+00:00
11425851,diff-modified,ChangedUser Tags (store_tags)–tags only switched places (hidden to reduce noise),,,2021-05-07T08:12:26+00:00
11300209,diff-modified,ChangedUser Tags (store_tags)–tags only switched places (hidden to reduce noise),,,2021-04-22T20:11:44+00:00
11294202,diff-modified,ChangedUser Tags (store_tags)–tags only switched places (hidden to reduce noise),,,2021-04-22T08:11:35+00:00
11241321,diff-modified,ChangedUser Tags (store_tags)–tags only switched places (hidden to reduce noise),,,2021-04-15T21:41:16+00:00
11230300,diff-modified,ChangedUser Tags (store_tags)–tags only switched places (hidden to reduce noise),,,2021-04-14T20:10:11+00:00
11221640,diff-modified,ChangedUser Tags (store_tags)–tags only switched places (hidden to reduce noise),,,2021-04-14T00:10:04+00:00
11214239,diff-modified,ChangedUser Tags (store_tags)–tags only switched places (hidden to reduce noise),,,2021-04-13T08:27:06+00:00
11152421,diff-modified,ChangedUser Tags (store_tags)–tags only switched places (hidden to reduce noise),,,2021-04-06T04:21:16+00:00
11078795,diff-modified,ChangedUser Tags (store_tags)–tags only switched places (hidden to reduce noise),,,2021-03-27T12:13:44+00:00
11076177,diff-modified,ChangedUser Tags (store_tags)–tags only switched places (hidden to reduce noise),,,2021-03-27T00:13:42+00:00
11034310,diff-modified,ChangedUser Tags (store_tags)–tags only switched places (hidden to reduce noise),,,2021-03-22T20:14:00+00:00
11020130,diff-modified,ChangedUser Tags (store_tags)–tags only switched places (hidden to reduce noise),,,2021-03-20T16:14:02+00:00
11013496,diff-modified,ChangedUser Tags (store_tags)–tags only switched places (hidden to reduce noise),,,2021-03-19T16:13:58+00:00
10928105,diff-modified,ChangedUser Tags (store_tags)–tags only switched places (hidden to reduce noise),,,2021-03-09T20:04:37+00:00
3 years ago· 27 February 2021 – 18:35:19 UTC,diff-added,AddedMovies/TrailersAdded movie256742997,256742997,256742997,2021-02-27T18:35:19+00:00
3 years ago· 27 February 2021 – 18:35:19 UTC,diff-added,Added movie256742997,256742997,256742997,2021-02-27T18:35:19+00:00
10840821,diff-modified,ChangedUser Tags (store_tags)–tags only switched places (hidden to reduce noise),,,2021-02-26T20:11:47+00:00
10794842,diff-modified,ChangedUser Tags (store_tags)–tags only switched places (hidden to reduce noise),,,2021-02-21T23:35:19+00:00
10761300,diff-modified,ChangedUser Tags (store_tags)–tags only switched places (hidden to reduce noise),,,2021-02-17T15:35:17+00:00
10450975,diff-modified,ChangedUser Tags (store_tags)–tags only switched places (hidden to reduce noise),,,2021-01-12T16:16:09+00:00
10447804,diff-modified,ChangedUser Tags (store_tags)–tags only switched places (hidden to reduce noise),,,2021-01-12T08:15:58+00:00
10429395,diff-modified,ChangedUser Tags (store_tags)–tags only switched places (hidden to reduce noise),,,2021-01-09T08:16:04+00:00
10424862,diff-modified,ChangedUser Tags (store_tags)–tags only switched places (hidden to reduce noise),,,2021-01-08T16:16:19+00:00
10421733,diff-modified,ChangedUser Tags (store_tags)–tags only switched places (hidden to reduce noise),,,2021-01-08T08:16:02+00:00
10420645,diff-modified,ChangedUser Tags (store_tags)–tags only switched places (hidden to reduce noise),,,2021-01-08T04:15:54+00:00
10416508,diff-modified,ChangedUser Tags (store_tags)–tags only switched places (hidden to reduce noise),,,2021-01-07T16:16:03+00:00
10404597,diff-modified,ChangedUser Tags (store_tags)–tags only switched places (hidden to reduce noise),,,2021-01-06T04:15:52+00:00
10378515,diff-modified,ChangedUser Tags (store_tags)–tags only switched places (hidden to reduce noise),,,2021-01-01T15:35:09+00:00
10375827,diff-modified,ChangedUser Tags (store_tags)–tags only switched places (hidden to reduce noise),,,2020-12-31T23:34:52+00:00
10349915,diff-modified,ChangedUser Tags (store_tags)–tags only switched places (hidden to reduce noise),,,2020-12-27T11:34:50+00:00
10346404,diff-modified,ChangedUser Tags (store_tags)–tags only switched places (hidden to reduce noise),,,2020-12-26T15:34:46+00:00
10342355,diff-modified,ChangedUser Tags (store_tags)–tags only switched places (hidden to reduce noise),,,2020-12-25T15:34:46+00:00
10269733,diff-modified,ChangedUser Tags (store_tags)–tags only switched places (hidden to reduce noise),,,2020-12-15T21:04:01+00:00
10230927,diff-modified,ChangedUser Tags (store_tags)–tags only switched places (hidden to reduce noise),,,2020-12-10T13:03:34+00:00
10225747,diff-modified,ChangedUser Tags (store_tags)–tags only switched places (hidden to reduce noise),,,2020-12-09T21:12:08+00:00
10215702,diff-modified,ChangedUser Tags (store_tags)–tags only switched places (hidden to reduce noise),,,2020-12-08T19:09:54+00:00
10210543,diff-modified,ChangedUser Tags (store_tags)–tags only switched places (hidden to reduce noise),,,2020-12-08T07:09:51+00:00
10190469,diff-modified,ChangedUser Tags (store_tags)–tags only switched places (hidden to reduce noise),,,2020-12-05T00:09:48+00:00
10143477,diff-modified,ChangedUser Tags (store_tags)–tags only switched places (hidden to reduce noise),,,2020-11-30T05:01:17+00:00
10138287,diff-modified,ChangedUser Tags (store_tags)–tags only switched places (hidden to reduce noise),,,2020-11-29T05:01:15+00:00
10087607,diff-modified,ChangedUser Tags (store_tags)–tags only switched places (hidden to reduce noise),,,2020-11-23T20:27:24+00:00
10019843,diff-modified,ChangedUser Tags (store_tags)–tags only switched places (hidden to reduce noise),,,2020-11-14T16:27:44+00:00
9985359,diff-modified,ChangedUser Tags (store_tags)–tags only switched places (hidden to reduce noise),,,2020-11-11T00:27:43+00:00
9983061,diff-modified,ChangedUser Tags (store_tags)–tags only switched places (hidden to reduce noise),,,2020-11-10T20:30:58+00:00
9976245,diff-modified,ChangedUser Tags (store_tags)–tags only switched places (hidden to reduce noise),,,2020-11-10T08:30:53+00:00
9962253,diff-modified,ChangedUser Tags (store_tags)–tags only switched places (hidden to reduce noise),,,2020-11-08T12:31:53+00:00
9948536,diff-modified,ChangedUser Tags (store_tags)–tags only switched places (hidden to reduce noise),,,2020-11-06T16:30:58+00:00
9922622,diff-modified,ChangedUser Tags (store_tags)–tags only switched places (hidden to reduce noise),,,2020-11-04T08:30:44+00:00
9836414,diff-modified,ChangedUser Tags (store_tags)–tags only switched places (hidden to reduce noise),,,2020-10-25T16:30:46+00:00
9835459,diff-modified,ChangedUser Tags (store_tags)–tags only switched places (hidden to reduce noise),,,2020-10-25T12:30:48+00:00
9717057,diff-modified,ChangedUser Tags (store_tags)–tags only switched places (hidden to reduce noise),,,2020-10-12T13:47:57+00:00
9711632,diff-modified,ChangedUser Tags (store_tags)–tags only switched places (hidden to reduce noise),,,2020-10-11T17:47:56+00:00
9616486,diff-modified,ChangedUser Tags (store_tags)–tags only switched places (hidden to reduce noise),,,2020-09-30T16:26:42+00:00
9559321,unverified,SteamDB requires a token,,,2020-09-30T08:05:45+00:00
9559321,diff-modified,ChangedUser Tags (store_tags)–tags only switched places (hidden to reduce noise),,,2020-09-24T04:02:31+00:00
9541405,diff-modified,ChangedUser Tags (store_tags)–tags only switched places (hidden to reduce noise),,,2020-09-22T22:59:44+00:00
9520344,diff-modified,ChangedUser Tags (store_tags)–tags only switched places (hidden to reduce noise),,,2020-09-20T02:59:35+00:00
9500451,diff-modified,ChangedUser Tags (store_tags)–tags only switched places (hidden to reduce noise),,,2020-09-17T16:00:47+00:00
9482089,diff-modified,ChangedUser Tags (store_tags)–tags only switched places (hidden to reduce noise),,,2020-09-15T18:30:45+00:00
9476984,diff-modified,ChangedUser Tags (store_tags)–tags only switched places (hidden to reduce noise),,,2020-09-15T06:30:31+00:00
9470857,diff-modified,ChangedUser Tags (store_tags)–tags only switched places (hidden to reduce noise),,,2020-09-14T14:30:39+00:00
9458411,diff-modified,ChangedUser Tags (store_tags)–tags only switched places (hidden to reduce noise),,,2020-09-12T18:30:58+00:00
9428871,diff-modified,ChangedUser Tags (store_tags)–tags only switched places (hidden to reduce noise),,,2020-09-10T08:23:53+00:00
9425475,diff-modified,ChangedUser Tags (store_tags)–tags only switched places (hidden to reduce noise),,,2020-09-10T00:23:50+00:00
9397758,diff-modified,ChangedUser Tags (store_tags)–tags only switched places (hidden to reduce noise),,,2020-09-07T12:02:43+00:00
9389319,diff-modified,ChangedUser Tags (store_tags)–tags only switched places (hidden to reduce noise),,,2020-09-06T00:02:41+00:00
9388411,diff-modified,ChangedUser Tags (store_tags)–tags only switched places (hidden to reduce noise),,,2020-09-05T20:02:46+00:00
9386371,diff-modified,ChangedUser Tags (store_tags)–tags only switched places (hidden to reduce noise),,,2020-09-05T12:02:44+00:00
9370328,diff-modified,ChangedUser Tags (store_tags)–tags only switched places (hidden to reduce noise),,,2020-09-03T20:02:50+00:00
9342638,diff-modified,ChangedUser Tags (store_tags)Removed5379:2D Platformer(5379)Added6971:Multiple Endings(6971),2D Platformer,Multiple Endings,2020-09-01T13:47:21+00:00
9342638,diff-removed,Removed5379:2D Platformer(5379),2D Platformer,2D Platformer,2020-09-01T13:47:21+00:00
9342638,diff-added,Added6971:Multiple Endings(6971),Multiple Endings,Multiple Endings,2020-09-01T13:47:21+00:00
9323184,diff-modified,ChangedUser Tags (store_tags)Removed9551:Dating Sim(9551)Added5379:2D Platformer(5379),Dating Sim,2D Platformer,2020-08-30T01:47:15+00:00
9323184,diff-removed,Removed9551:Dating Sim(9551),Dating Sim,Dating Sim,2020-08-30T01:47:15+00:00
9323184,diff-added,Added5379:2D Platformer(5379),2D Platformer,2D Platformer,2020-08-30T01:47:15+00:00
9318988,diff-modified,ChangedUser Tags (store_tags)–tags only switched places (hidden to reduce noise),,,2020-08-29T13:47:26+00:00
9271481,diff-modified,ChangedUser Tags (store_tags)–tags only switched places (hidden to reduce noise),,,2020-08-25T18:32:20+00:00
9235116,diff-modified,ChangedUser Tags (store_tags)Removed5144:Unknown tag(5144)Added9551:Dating Sim(9551),Unknown tag,Dating Sim,2020-08-21T00:12:41+00:00
9235116,diff-removed,Removed5144:Unknown tag(5144),Unknown tag,Unknown tag,2020-08-21T00:12:41+00:00
9235116,diff-added,Added9551:Dating Sim(9551),Dating Sim,Dating Sim,2020-08-21T00:12:41+00:00
9222880,diff-modified,ChangedUser Tags (store_tags)–tags only switched places (hidden to reduce noise),,,2020-08-19T20:08:16+00:00
9198791,diff-modified,ChangedUser Tags (store_tags)–tags only switched places (hidden to reduce noise),,,2020-08-17T07:17:25+00:00
9194609,diff-modified,ChangedUser Tags (store_tags)–tags only switched places (hidden to reduce noise),,,2020-08-16T11:17:30+00:00
9189160,diff-modified,ChangedUser Tags (store_tags)–tags only switched places (hidden to reduce noise),,,2020-08-15T07:17:22+00:00
9184416,diff-modified,ChangedUser Tags (store_tags)–tags only switched places (hidden to reduce noise),,,2020-08-14T15:17:26+00:00
9182588,diff-modified,ChangedUser Tags (store_tags)–tags only switched places (hidden to reduce noise),,,2020-08-14T11:17:20+00:00
9146586,diff-modified,ChangedUser Tags (store_tags)–tags only switched places (hidden to reduce noise),,,2020-08-10T15:22:44+00:00
9143783,diff-modified,ChangedUser Tags (store_tags)–tags only switched places (hidden to reduce noise),,,2020-08-10T07:22:35+00:00
9088752,diff-modified,ChangedUser Tags (store_tags)–tags only switched places (hidden to reduce noise),,,2020-08-03T12:17:18+00:00
9017860,diff-modified,ChangedUser Tags (store_tags)–tags only switched places (hidden to reduce noise),,,2020-07-24T10:07:09+00:00
9007801,diff-modified,ChangedUser Tags (store_tags)–tags only switched places (hidden to reduce noise),,,2020-07-23T06:07:05+00:00
8950134,diff-modified,ChangedUser Tags (store_tags)–tags only switched places (hidden to reduce noise),,,2020-07-16T00:35:22+00:00
8930835,diff-modified,ChangedUser Tags (store_tags)–tags only switched places (hidden to reduce noise),,,2020-07-14T04:13:50+00:00
8902375,diff-modified,ChangedUser Tags (store_tags)–tags only switched places (hidden to reduce noise),,,2020-07-10T04:13:45+00:00
8896924,diff-modified,ChangedUser Tags (store_tags)–tags only switched places (hidden to reduce noise),,,2020-07-09T17:53:58+00:00
8851339,diff-modified,ChangedUser Tags (store_tags)–tags only switched places (hidden to reduce noise),,,2020-07-03T09:53:47+00:00
8839585,diff-modified,ChangedUser Tags (store_tags)–tags only switched places (hidden to reduce noise),,,2020-07-02T05:53:40+00:00
8832503,diff-modified,ChangedUser Tags (store_tags)–tags only switched places (hidden to reduce noise),,,2020-07-01T13:53:45+00:00
8798064,diff-modified,ChangedUser Tags (store_tags)–tags only switched places (hidden to reduce noise),,,2020-06-26T22:15:16+00:00
8677131,diff-modified,ChangedUser Tags (store_tags)–tags only switched places (hidden to reduce noise),,,2020-06-12T23:51:55+00:00
8674175,diff-modified,ChangedUser Tags (store_tags)–tags only switched places (hidden to reduce noise),,,2020-06-12T15:51:56+00:00
8661493,diff-modified,ChangedUser Tags (store_tags)–tags only switched places (hidden to reduce noise),,,2020-06-11T07:51:53+00:00
8613500,diff-modified,ChangedUser Tags (store_tags)–tags only switched places (hidden to reduce noise),,,2020-06-04T20:29:15+00:00
8550538,diff-modified,ChangedUser Tags (store_tags)–tags only switched places (hidden to reduce noise),,,2020-05-27T23:55:09+00:00
8530668,diff-modified,ChangedUser Tags (store_tags)–tags only switched places (hidden to reduce noise),,,2020-05-25T19:46:24+00:00
8526223,diff-modified,ChangedUser Tags (store_tags)–tags only switched places (hidden to reduce noise),,,2020-05-25T07:44:35+00:00
8521041,diff-modified,ChangedUser Tags (store_tags)–tags only switched places (hidden to reduce noise),,,2020-05-24T15:44:46+00:00
8518838,diff-modified,ChangedUser Tags (store_tags)–tags only switched places (hidden to reduce noise),,,2020-05-24T03:44:28+00:00
8491226,diff-modified,ChangedUser Tags (store_tags)–tags only switched places (hidden to reduce noise),,,2020-05-20T19:44:36+00:00
8398408,diff-modified,ChangedUser Tags (store_tags)–tags only switched places (hidden to reduce noise),,,2020-05-11T00:38:55+00:00
8291158,diff-modified,ChangedUser Tags (store_tags)–tags only switched places (hidden to reduce noise),,,2020-04-27T15:02:26+00:00
8208301,diff-modified,ChangedUser Tags (store_tags)–tags only switched places (hidden to reduce noise),,,2020-04-16T21:01:05+00:00
8163317,diff-modified,ChangedUser Tags (store_tags)–tags only switched places (hidden to reduce noise),,,2020-04-10T20:16:33+00:00
8158034,diff-modified,ChangedUser Tags (store_tags)–tags only switched places (hidden to reduce noise),,,2020-04-10T04:16:26+00:00
8120584,diff-modified,ChangedUser Tags (store_tags)–tags only switched places (hidden to reduce noise),,,2020-04-05T13:57:05+00:00
8089534,diff-modified,ChangedUser Tags (store_tags)–tags only switched places (hidden to reduce noise),,,2020-04-01T08:19:56+00:00
8064929,diff-modified,ChangedUser Tags (store_tags)–tags only switched places (hidden to reduce noise),,,2020-03-29T18:36:15+00:00
8063920,diff-modified,ChangedUser Tags (store_tags)–tags only switched places (hidden to reduce noise),,,2020-03-29T14:36:16+00:00
8059459,diff-modified,ChangedUser Tags (store_tags)–tags only switched places (hidden to reduce noise),,,2020-03-28T14:36:08+00:00
8056058,diff-modified,ChangedUser Tags (store_tags)–tags only switched places (hidden to reduce noise),,,2020-03-27T22:36:13+00:00
8035815,diff-modified,ChangedUser Tags (store_tags)–tags only switched places (hidden to reduce noise),,,2020-03-25T16:12:38+00:00
8014460,diff-modified,ChangedUser Tags (store_tags)–tags only switched places (hidden to reduce noise),,,2020-03-23T02:17:32+00:00
8001637,diff-modified,ChangedUser Tags (store_tags)–tags only switched places (hidden to reduce noise),,,2020-03-20T15:31:21+00:00
7990477,diff-modified,ChangedUser Tags (store_tags)–tags only switched places (hidden to reduce noise),,,2020-03-19T07:31:06+00:00
7974573,diff-modified,ChangedUser Tags (store_tags)–tags only switched places (hidden to reduce noise),,,2020-03-17T14:02:42+00:00
7932399,diff-modified,ChangedUser Tags (store_tags)–tags only switched places (hidden to reduce noise),,,2020-03-11T09:07:37+00:00
7924843,diff-modified,ChangedUser Tags (store_tags)–tags only switched places (hidden to reduce noise),,,2020-03-10T09:07:40+00:00
7915372,diff-modified,ChangedUser Tags (store_tags)–tags only switched places (hidden to reduce noise),,,2020-03-08T19:41:48+00:00
7900050,diff-modified,ChangedUser Tags (store_tags)–tags only switched places (hidden to reduce noise),,,2020-03-06T06:44:08+00:00
7880791,diff-modified,ChangedUser Tags (store_tags)–tags only switched places (hidden to reduce noise),,,2020-03-04T04:08:49+00:00
7842210,diff-modified,ChangedUser Tags (store_tags)–tags only switched places (hidden to reduce noise),,,2020-02-27T08:42:29+00:00
7776460,diff-modified,ChangedUser Tags (store_tags)–tags only switched places (hidden to reduce noise),,,2020-02-17T21:19:49+00:00
7768645,diff-modified,ChangedUser Tags (store_tags)–tags only switched places (hidden to reduce noise),,,2020-02-16T13:19:50+00:00
7766300,diff-modified,ChangedUser Tags (store_tags)–tags only switched places (hidden to reduce noise),,,2020-02-15T21:19:48+00:00
7681029,diff-modified,ChangedUser Tags (store_tags)–tags only switched places (hidden to reduce noise),,,2020-02-04T09:21:17+00:00
7618464,diff-modified,ChangedUser Tags (store_tags)–tags only switched places (hidden to reduce noise),,,2020-01-26T05:53:40+00:00
7556331,diff-modified,ChangedUser Tags (store_tags)–tags only switched places (hidden to reduce noise),,,2020-01-17T02:44:37+00:00
7511058,diff-modified,ChangedUser Tags (store_tags)–tags only switched places (hidden to reduce noise),,,2020-01-10T03:17:29+00:00
7487593,diff-modified,ChangedUser Tags (store_tags)–tags only switched places (hidden to reduce noise),,,2020-01-06T18:43:08+00:00
7451631,diff-modified,ChangedUser Tags (store_tags)–tags only switched places (hidden to reduce noise),,,2019-12-29T10:43:07+00:00
7449405,diff-modified,ChangedUser Tags (store_tags)–tags only switched places (hidden to reduce noise),,,2019-12-28T18:43:04+00:00
7428109,diff-modified,ChangedUser Tags (store_tags)–tags only switched places (hidden to reduce noise),,,2019-12-23T14:42:58+00:00
7412513,diff-modified,ChangedUser Tags (store_tags)–tags only switched places (hidden to reduce noise),,,2019-12-20T14:07:10+00:00
7407315,diff-modified,ChangedUser Tags (store_tags)–tags only switched places (hidden to reduce noise),,,2019-12-19T22:07:12+00:00
7393657,diff-modified,ChangedUser Tags (store_tags)–tags only switched places (hidden to reduce noise),,,2019-12-18T12:07:34+00:00
7365444,diff-modified,ChangedUser Tags (store_tags)–tags only switched places (hidden to reduce noise),,,2019-12-13T10:44:42+00:00
7332833,diff-modified,ChangedUser Tags (store_tags)–tags only switched places (hidden to reduce noise),,,2019-12-07T04:18:09+00:00
7308112,diff-modified,ChangedUser Tags (store_tags)–tags only switched places (hidden to reduce noise),,,2019-12-03T10:36:54+00:00
7255864,diff-modified,ChangedUser Tags (store_tags)–tags only switched places (hidden to reduce noise),,,2019-11-24T20:54:08+00:00
7255301,diff-modified,ChangedUser Tags (store_tags)–tags only switched places (hidden to reduce noise),,,2019-11-24T16:54:13+00:00
7249589,diff-modified,ChangedUser Tags (store_tags)–tags only switched places (hidden to reduce noise),,,2019-11-22T19:54:05+00:00
7151302,diff-modified,ChangedUser Tags (store_tags)–tags only switched places (hidden to reduce noise),,,2019-11-05T21:08:48+00:00
7140974,diff-modified,ChangedUser Tags (store_tags)–tags only switched places (hidden to reduce noise),,,2019-11-04T05:08:40+00:00
7105848,diff-modified,ChangedStore Asset Modification Time–12 February 2019 – 04:23:19 UTC(1549945399)›28 October 2019 – 23:50:04 UTC(1572306604),,,2019-10-28T23:56:06+00:00
7105848,diff-added,Addedlibrary_assetsAddedlibrary_capsule:enAddedlibrary_hero:enAddedlibrary_logo:enAddedlogo_position/height_pct:72.31925045291291Addedlogo_position/pinned_position:BottomLeftAddedlogo_position/width_pct:63.77755461270866,,,2019-10-28T23:56:06+00:00
7105848,diff-added,Addedlibrary_capsule:en,,,2019-10-28T23:56:06+00:00
7105848,diff-added,Addedlibrary_hero:en,,,2019-10-28T23:56:06+00:00
7105848,diff-added,Addedlibrary_logo:en,,,2019-10-28T23:56:06+00:00
7105848,diff-added,Addedlogo_position/height_pct:72.31925045291291,,,2019-10-28T23:56:06+00:00
7105848,diff-added,Addedlogo_position/pinned_position:BottomLeft,,,2019-10-28T23:56:06+00:00
7105848,diff-added,Addedlogo_position/width_pct:63.77755461270866,,,2019-10-28T23:56:06+00:00
7083192,diff-modified,ChangedUser Tags (store_tags)–tags only switched places (hidden to reduce noise),,,2019-10-24T12:03:09+00:00
7075732,diff-modified,ChangedUser Tags (store_tags)–tags only switched places (hidden to reduce noise),,,2019-10-23T08:03:06+00:00
7069265,diff-modified,ChangedUser Tags (store_tags)–tags only switched places (hidden to reduce noise),,,2019-10-22T08:08:29+00:00
7067783,diff-modified,ChangedUser Tags (store_tags)–tags only switched places (hidden to reduce noise),,,2019-10-22T00:08:33+00:00
7057122,diff-modified,ChangedUser Tags (store_tags)–tags only switched places (hidden to reduce noise),,,2019-10-19T12:08:33+00:00
6915272,diff-modified,ChangedUser Tags (store_tags)–tags only switched places (hidden to reduce noise),,,2019-09-23T20:43:53+00:00
6900444,diff-modified,ChangedUser Tags (store_tags)–tags only switched places (hidden to reduce noise),,,2019-09-20T04:43:47+00:00
6820079,diff-added,AddedStore Asset Modification Time–12 February 2019 – 04:23:19 UTC(1549945399),,,2019-09-18T13:42:35+00:00
6805226,diff-modified,ChangedUser Tags (store_tags)–tags only switched places (hidden to reduce noise),,,2019-08-30T21:14:56+00:00
6799770,diff-modified,ChangedUser Tags (store_tags)–tags only switched places (hidden to reduce noise),,,2019-08-29T21:14:58+00:00
6795396,diff-modified,ChangedUser Tags (store_tags)–tags only switched places (hidden to reduce noise),,,2019-08-29T05:14:55+00:00
6775318,diff-modified,ChangedUser Tags (store_tags)–tags only switched places (hidden to reduce noise),,,2019-08-24T18:03:07+00:00
6660357,diff-modified,ChangedUser Tags (store_tags)–tags only switched places (hidden to reduce noise),,,2019-08-01T12:19:46+00:00
6653010,diff-modified,ChangedUser Tags (store_tags)–tags only switched places (hidden to reduce noise),,,2019-07-31T08:19:38+00:00
6636586,diff-modified,ChangedUser Tags (store_tags)–tags only switched places (hidden to reduce noise),,,2019-07-27T13:38:54+00:00
6633550,diff-modified,ChangedUser Tags (store_tags)–tags only switched places (hidden to reduce noise),,,2019-07-26T17:55:54+00:00
6627446,diff-modified,ChangedUser Tags (store_tags)–tags only switched places (hidden to reduce noise),,,2019-07-25T17:55:55+00:00
6606063,diff-modified,ChangedUser Tags (store_tags)–tags only switched places (hidden to reduce noise),,,2019-07-22T04:47:27+00:00
6601345,diff-modified,ChangedUser Tags (store_tags)–tags only switched places (hidden to reduce noise),,,2019-07-20T08:47:31+00:00
6593458,diff-modified,ChangedUser Tags (store_tags)–tags only switched places (hidden to reduce noise),,,2019-07-18T19:09:49+00:00
6542059,diff-modified,ChangedUser Tags (store_tags)–tags only switched places (hidden to reduce noise),,,2019-07-08T18:35:16+00:00
6541178,diff-modified,ChangedUser Tags (store_tags)–tags only switched places (hidden to reduce noise),,,2019-07-08T14:35:11+00:00
6524276,diff-modified,ChangedUser Tags (store_tags)–tags only switched places (hidden to reduce noise),,,2019-07-04T02:35:01+00:00
6491074,diff-modified,ChangedUser Tags (store_tags)–tags only switched places (hidden to reduce noise),,,2019-06-27T07:50:45+00:00
6468201,diff-modified,ChangedUser Tags (store_tags)Added5411:Beautiful(5411),Beautiful,Beautiful,2019-06-23T19:40:49+00:00
6468201,diff-added,Added5411:Beautiful(5411),Beautiful,Beautiful,2019-06-23T19:40:49+00:00
6455743,diff-modified,ChangedUser Tags (store_tags)Removed9551:Dating Sim(9551),Dating Sim,Dating Sim,2019-06-20T19:40:53+00:00
6455743,diff-removed,Removed9551:Dating Sim(9551),Dating Sim,Dating Sim,2019-06-20T19:40:53+00:00
6439680,diff-modified,ChangedUser Tags (store_tags)–tags only switched places (hidden to reduce noise),,,2019-06-18T08:14:34+00:00
6437898,diff-modified,ChangedUser Tags (store_tags)–tags only switched places (hidden to reduce noise),,,2019-06-18T00:14:31+00:00
6431678,diff-modified,ChangedUser Tags (store_tags)–tags only switched places (hidden to reduce noise),,,2019-06-16T16:14:37+00:00
6429696,diff-modified,ChangedUser Tags (store_tags)–tags only switched places (hidden to reduce noise),,,2019-06-15T20:14:35+00:00
6429211,diff-modified,ChangedUser Tags (store_tags)–tags only switched places (hidden to reduce noise),,,2019-06-15T16:14:36+00:00
6421004,diff-modified,ChangedUser Tags (store_tags)–tags only switched places (hidden to reduce noise),,,2019-06-14T00:14:28+00:00
6416398,diff-modified,ChangedUser Tags (store_tags)–tags only switched places (hidden to reduce noise),,,2019-06-13T08:14:28+00:00
6400041,diff-modified,ChangedUser Tags (store_tags)–tags only switched places (hidden to reduce noise),,,2019-06-10T10:31:41+00:00
6397389,diff-modified,ChangedUser Tags (store_tags)–tags only switched places (hidden to reduce noise),,,2019-06-09T14:31:44+00:00
6394601,diff-modified,ChangedUser Tags (store_tags)–tags only switched places (hidden to reduce noise),,,2019-06-08T10:31:46+00:00
6385292,diff-modified,ChangedUser Tags (store_tags)Added9551:Dating Sim(9551),Dating Sim,Dating Sim,2019-06-06T15:56:38+00:00
6385292,diff-added,Added9551:Dating Sim(9551),Dating Sim,Dating Sim,2019-06-06T15:56:38+00:00
6382930,diff-modified,ChangedUser Tags (store_tags)Removed9551:Dating Sim(9551),Dating Sim,Dating Sim,2019-06-06T07:56:30+00:00
6382930,diff-removed,Removed9551:Dating Sim(9551),Dating Sim,Dating Sim,2019-06-06T07:56:30+00:00
6381530,diff-modified,ChangedUser Tags (store_tags)–tags only switched places (hidden to reduce noise),,,2019-06-05T23:56:33+00:00
6351140,diff-modified,ChangedUser Tags (store_tags)–tags only switched places (hidden to reduce noise),,,2019-05-30T15:31:35+00:00
6350018,diff-modified,ChangedUser Tags (store_tags)–tags only switched places (hidden to reduce noise),,,2019-05-30T11:31:25+00:00
6346666,diff-modified,ChangedUser Tags (store_tags)Added9551:Dating Sim(9551),Dating Sim,Dating Sim,2019-05-29T19:31:28+00:00
6346666,diff-added,Added9551:Dating Sim(9551),Dating Sim,Dating Sim,2019-05-29T19:31:28+00:00
6342488,diff-modified,ChangedUser Tags (store_tags)Added4726:Cute(4726),Cute,Cute,2019-05-29T03:31:28+00:00
6342488,diff-added,Added4726:Cute(4726),Cute,Cute,2019-05-29T03:31:28+00:00
6339611,diff-modified,ChangedUser Tags (store_tags)–tags only switched places (hidden to reduce noise),,,2019-05-28T16:07:08+00:00
6334664,diff-modified,ChangedUser Tags (store_tags)–tags only switched places (hidden to reduce noise),,,2019-05-28T00:07:10+00:00
6330442,diff-modified,ChangedUser Tags (store_tags)–tags only switched places (hidden to reduce noise),,,2019-05-27T12:07:34+00:00
6327972,diff-modified,ChangedUser Tags (store_tags)–tags only switched places (hidden to reduce noise),,,2019-05-27T04:07:08+00:00
6327025,diff-modified,ChangedUser Tags (store_tags)–tags only switched places (hidden to reduce noise),,,2019-05-27T00:07:46+00:00
6325944,diff-modified,ChangedUser Tags (store_tags)–tags only switched places (hidden to reduce noise),,,2019-05-26T20:08:54+00:00
6321758,diff-modified,ChangedUser Tags (store_tags)–tags only switched places (hidden to reduce noise),,,2019-05-26T08:09:30+00:00
6320704,diff-modified,ChangedUser Tags (store_tags)–tags only switched places (hidden to reduce noise),,,2019-05-26T04:08:11+00:00
6318048,diff-modified,ChangedUser Tags (store_tags)–tags only switched places (hidden to reduce noise),,,2019-05-25T20:10:05+00:00
6316006,diff-modified,ChangedUser Tags (store_tags)–tags only switched places (hidden to reduce noise),,,2019-05-25T16:10:49+00:00
6313642,diff-modified,ChangedUser Tags (store_tags)–tags only switched places (hidden to reduce noise),,,2019-05-25T12:11:09+00:00
6311289,diff-modified,ChangedUser Tags (store_tags)Added29482:Souls-like(29482),Souls-like,Souls-like,2019-05-25T08:11:42+00:00
6311289,diff-added,Added29482:Souls-like(29482),Souls-like,Souls-like,2019-05-25T08:11:42+00:00
6309074,diff-modified,ChangedUser Tags (store_tags)–tags only switched places (hidden to reduce noise),,,2019-05-25T04:10:50+00:00
6306702,diff-modified,ChangedUser Tags (store_tags)–tags only switched places (hidden to reduce noise),,,2019-05-25T00:11:38+00:00
6270015,diff-modified,ChangedUser Tags (store_tags)–tags only switched places (hidden to reduce noise),,,2019-05-19T02:55:57+00:00
6233757,diff-modified,ChangedUser Tags (store_tags)–tags only switched places (hidden to reduce noise),,,2019-05-12T08:17:20+00:00
6232649,diff-modified,ChangedUser Tags (store_tags)–tags only switched places (hidden to reduce noise),,,2019-05-11T20:17:24+00:00
6197810,diff-modified,ChangedUser Tags (store_tags)–tags only switched places (hidden to reduce noise),,,2019-05-04T16:21:23+00:00
6182774,diff-modified,ChangedUser Tags (store_tags)–tags only switched places (hidden to reduce noise),,,2019-05-01T19:19:54+00:00
6180153,diff-modified,ChangedUser Tags (store_tags)–tags only switched places (hidden to reduce noise),,,2019-05-01T07:19:51+00:00
6156730,diff-modified,ChangedUser Tags (store_tags)–tags only switched places (hidden to reduce noise),,,2019-04-25T19:15:38+00:00
6149066,diff-modified,ChangedUser Tags (store_tags)–tags only switched places (hidden to reduce noise),,,2019-04-24T19:15:38+00:00
6138279,diff-modified,ChangedUser Tags (store_tags)–tags only switched places (hidden to reduce noise),,,2019-04-22T23:46:40+00:00
6135427,diff-modified,ChangedUser Tags (store_tags)–tags only switched places (hidden to reduce noise),,,2019-04-22T06:46:36+00:00
6134837,diff-modified,ChangedUser Tags (store_tags)–tags only switched places (hidden to reduce noise),,,2019-04-22T02:46:37+00:00
6128637,diff-modified,ChangedUser Tags (store_tags)Added5144:Unknown tag(5144),Unknown tag,Unknown tag,2019-04-19T14:46:41+00:00
6128637,diff-added,Added5144:Unknown tag(5144),Unknown tag,Unknown tag,2019-04-19T14:46:41+00:00
6118906,diff-modified,ChangedUser Tags (store_tags)Added1695:Open World(1695),Open World,Open World,2019-04-17T18:46:44+00:00
6118906,diff-added,Added1695:Open World(1695),Open World,Open World,2019-04-17T18:46:44+00:00
6100710,diff-modified,ChangedUser Tags (store_tags)–tags only switched places (hidden to reduce noise),,,2019-04-13T20:29:14+00:00
6100195,diff-modified,ChangedUser Tags (store_tags)–tags only switched places (hidden to reduce noise),,,2019-04-13T16:29:13+00:00
6094003,diff-modified,ChangedUser Tags (store_tags)–tags only switched places (hidden to reduce noise),,,2019-04-12T08:29:10+00:00
6068654,diff-modified,ChangedUser Tags (store_tags)–tags only switched places (hidden to reduce noise),,,2019-04-07T16:02:40+00:00
6067879,diff-modified,ChangedUser Tags (store_tags)–tags only switched places (hidden to reduce noise),,,2019-04-07T08:02:34+00:00
6067590,diff-modified,ChangedUser Tags (store_tags)–tags only switched places (hidden to reduce noise),,,2019-04-07T04:02:32+00:00
6033835,diff-modified,ChangedUser Tags (store_tags)–tags only switched places (hidden to reduce noise),,,2019-03-30T22:59:12+00:00
6032478,diff-modified,ChangedUser Tags (store_tags)–tags only switched places (hidden to reduce noise),,,2019-03-30T10:59:11+00:00
6021446,diff-modified,ChangedUser Tags (store_tags)–tags only switched places (hidden to reduce noise),,,2019-03-28T13:48:03+00:00
6018570,diff-modified,ChangedUser Tags (store_tags)–tags only switched places (hidden to reduce noise),,,2019-03-28T00:02:54+00:00
6015309,diff-modified,ChangedUser Tags (store_tags)–tags only switched places (hidden to reduce noise),,,2019-03-27T12:02:57+00:00
5966999,diff-modified,ChangedUser Tags (store_tags)–tags only switched places (hidden to reduce noise),,,2019-03-17T17:33:37+00:00
5964038,diff-modified,ChangedUser Tags (store_tags)–tags only switched places (hidden to reduce noise),,,2019-03-16T13:33:41+00:00
5963041,diff-modified,ChangedUser Tags (store_tags)–tags only switched places (hidden to reduce noise),,,2019-03-16T05:33:38+00:00
5936359,diff-modified,ChangedUser Tags (store_tags)Removed9551:Dating Sim(9551),Dating Sim,Dating Sim,2019-03-11T19:40:06+00:00
5936359,diff-removed,Removed9551:Dating Sim(9551),Dating Sim,Dating Sim,2019-03-11T19:40:06+00:00
5933186,diff-modified,ChangedUser Tags (store_tags)Added9551:Dating Sim(9551),Dating Sim,Dating Sim,2019-03-11T07:39:56+00:00
5933186,diff-added,Added9551:Dating Sim(9551),Dating Sim,Dating Sim,2019-03-11T07:39:56+00:00
5927894,diff-modified,ChangedUser Tags (store_tags)–tags only switched places (hidden to reduce noise),,,2019-03-09T03:40:02+00:00
5918510,diff-modified,ChangedUser Tags (store_tags)–tags only switched places (hidden to reduce noise),,,2019-03-07T12:54:21+00:00
5917583,diff-modified,ChangedUser Tags (store_tags)–tags only switched places (hidden to reduce noise),,,2019-03-07T08:54:13+00:00
5910409,diff-modified,ChangedUser Tags (store_tags)Added5230:Sequel(5230),Sequel,Sequel,2019-03-06T04:54:20+00:00
5910409,diff-added,Added5230:Sequel(5230),Sequel,Sequel,2019-03-06T04:54:20+00:00
5902026,diff-modified,ChangedUser Tags (store_tags)–tags only switched places (hidden to reduce noise),,,2019-03-04T16:10:58+00:00
5893750,diff-modified,ChangedUser Tags (store_tags)–tags only switched places (hidden to reduce noise),,,2019-03-02T00:10:54+00:00
5892890,diff-modified,ChangedUser Tags (store_tags)–tags only switched places (hidden to reduce noise),,,2019-03-01T20:10:57+00:00
5888699,diff-modified,ChangedUser Tags (store_tags)–tags only switched places (hidden to reduce noise),,,2019-03-01T04:10:45+00:00
5876412,diff-modified,ChangedUser Tags (store_tags)–tags only switched places (hidden to reduce noise),,,2019-02-27T08:10:48+00:00
5872110,diff-modified,ChangedUser Tags (store_tags)–tags only switched places (hidden to reduce noise),,,2019-02-26T13:59:20+00:00
5869454,diff-modified,ChangedUser Tags (store_tags)–tags only switched places (hidden to reduce noise),,,2019-02-26T01:59:15+00:00
5862897,diff-modified,ChangedUser Tags (store_tags)Added3834:Exploration(3834),Exploration,Exploration,2019-02-24T13:59:21+00:00
5862897,diff-added,Added3834:Exploration(3834),Exploration,Exploration,2019-02-24T13:59:21+00:00
5860516,diff-removed,RemovedSteam Release Date–12 June 2020 – 21:00:00 UTC(1591995600),,,2019-02-23T13:59:23+00:00
5860516,diff-modified,ChangedUser Tags (store_tags)–tags only switched places (hidden to reduce noise),,,2019-02-23T13:59:23+00:00
5852695,diff-added,AddedSteam Release Date–12 June 2020 – 21:00:00 UTC(1591995600),,,2019-02-22T07:45:49+00:00
5852695,diff-added,AddedSupported LanguagesAddedbrazilian/full_audio:trueAddedbrazilian/subtitles:trueAddedbrazilian/supported:trueAddedenglish/full_audio:trueAddedenglish/subtitles:trueAddedenglish/supported:trueAddedfrench/full_audio:trueAddedfrench/subtitles:trueAddedfrench/supported:trueAddedgerman/full_audio:trueAddedgerman/subtitles:trueAddedgerman/supported:trueAddeditalian/full_audio:trueAddeditalian/subtitles:trueAddeditalian/supported:trueAddedjapanese/full_audio:trueAddedjapanese/subtitles:trueAddedjapanese/supported:trueAddedkoreana/full_audio:trueAddedkoreana/subtitles:trueAddedkoreana/supported:trueAddedrussian/full_audio:trueAddedrussian/subtitles:trueAddedrussian/supported:trueAddedschinese/full_audio:trueAddedschinese/subtitles:trueAddedschinese/supported:trueAddedspanish/full_audio:trueAddedspanish/subtitles:trueAddedspanish/supported:true,,,2019-02-22T07:45:49+00:00
5852695,diff-added,Addedbrazilian/full_audio:true,,,2019-02-22T07:45:49+00:00
5852695,diff-added,Addedbrazilian/subtitles:true,,,2019-02-22T07:45:49+00:00
5852695,diff-added,Addedbrazilian/supported:true,,,2019-02-22T07:45:49+00:00
5852695,diff-added,Addedenglish/full_audio:true,,,2019-02-22T07:45:49+00:00
5852695,diff-added,Addedenglish/subtitles:true,,,2019-02-22T07:45:49+00:00
5852695,diff-added,Addedenglish/supported:true,,,2019-02-22T07:45:49+00:00
5852695,diff-added,Addedfrench/full_audio:true,,,2019-02-22T07:45:49+00:00
5852695,diff-added,Addedfrench/subtitles:true,,,2019-02-22T07:45:49+00:00
5852695,diff-added,Addedfrench/supported:true,,,2019-02-22T07:45:49+00:00
5852695,diff-added,Addedgerman/full_audio:true,,,2019-02-22T07:45:49+00:00
5852695,diff-added,Addedgerman/subtitles:true,,,2019-02-22T07:45:49+00:00
5852695,diff-added,Addedgerman/supported:true,,,2019-02-22T07:45:49+00:00
5852695,diff-added,Addeditalian/full_audio:true,,,2019-02-22T07:45:49+00:00
5852695,diff-added,Addeditalian/subtitles:true,,,2019-02-22T07:45:49+00:00
5852695,diff-added,Addeditalian/supported:true,,,2019-02-22T07:45:49+00:00
5852695,diff-added,Addedjapanese/full_audio:true,,,2019-02-22T07:45:49+00:00
5852695,diff-added,Addedjapanese/subtitles:true,,,2019-02-22T07:45:49+00:00
5852695,diff-added,Addedjapanese/supported:true,,,2019-02-22T07:45:49+00:00
5852695,diff-added,Addedkoreana/full_audio:true,,,2019-02-22T07:45:49+00:00
5852695,diff-added,Addedkoreana/subtitles:true,,,2019-02-22T07:45:49+00:00
5852695,diff-added,Addedkoreana/supported:true,,,2019-02-22T07:45:49+00:00
5852695,diff-added,Addedrussian/full_audio:true,,,2019-02-22T07:45:49+00:00
5852695,diff-added,Addedrussian/subtitles:true,,,2019-02-22T07:45:49+00:00
5852695,diff-added,Addedrussian/supported:true,,,2019-02-22T07:45:49+00:00
5852695,diff-added,Addedschinese/full_audio:true,,,2019-02-22T07:45:49+00:00
5852695,diff-added,Addedschinese/subtitles:true,,,2019-02-22T07:45:49+00:00
5852695,diff-added,Addedschinese/supported:true,,,2019-02-22T07:45:49+00:00
5852695,diff-added,Addedspanish/full_audio:true,,,2019-02-22T07:45:49+00:00
5852695,diff-added,Addedspanish/subtitles:true,,,2019-02-22T07:45:49+00:00
5852695,diff-added,Addedspanish/supported:true,,,2019-02-22T07:45:49+00:00
5852695,diff-added,AddedStore CategoriesAddedcategory_2:1(Single-player)Addedcategory_28:1(Full Controller Support)Addedcategory_33:1(Native Steam Controller),,,2019-02-22T07:45:49+00:00
5852695,diff-added,Addedcategory_2:1(Single-player),,,2019-02-22T07:45:49+00:00
5852695,diff-added,Addedcategory_28:1(Full Controller Support),,,2019-02-22T07:45:49+00:00
5852695,diff-added,Addedcategory_33:1(Native Steam Controller),,,2019-02-22T07:45:49+00:00
5852695,diff-added,AddedStore GenresAdded0:Action(1)Added1:Adventure(25)Added2:Indie(23),,,2019-02-22T07:45:49+00:00
5852695,diff-added,Added0:Action(1),,,2019-02-22T07:45:49+00:00
5852695,diff-added,Added1:Adventure(25),,,2019-02-22T07:45:49+00:00
5852695,diff-added,Added2:Indie(23),,,2019-02-22T07:45:49+00:00
5852695,diff-added,AddedPrimary Genre–Adventure(25),,,2019-02-22T07:45:49+00:00
5852695,diff-added,AddedAssociationsAdded0/name:Team CherryAdded0/type:developerAdded1/name:Team CherryAdded1/type:publisherAdded2/name:Hollow KnightAdded2/type:franchise,,,2019-02-22T07:45:49+00:00
5852695,diff-added,Added0/name:Team Cherry,,,2019-02-22T07:45:49+00:00
5852695,diff-added,Added0/type:developer,,,2019-02-22T07:45:49+00:00
5852695,diff-added,Added1/name:Team Cherry,,,2019-02-22T07:45:49+00:00
5852695,diff-added,Added1/type:publisher,,,2019-02-22T07:45:49+00:00
5852695,diff-added,Added2/name:Hollow Knight,,,2019-02-22T07:45:49+00:00
5852695,diff-added,Added2/type:franchise,,,2019-02-22T07:45:49+00:00
5844139,diff-modified,ChangedUser Tags (store_tags)–tags only switched places (hidden to reduce noise),,,2019-02-20T12:52:34+00:00
5839772,diff-modified,ChangedUser Tags (store_tags)–tags only switched places (hidden to reduce noise),,,2019-02-19T16:22:53+00:00
5837264,diff-modified,ChangedUser Tags (store_tags)–tags only switched places (hidden to reduce noise),,,2019-02-19T04:22:46+00:00
5835978,diff-modified,ChangedUser Tags (store_tags)–tags only switched places (hidden to reduce noise),,,2019-02-18T20:22:52+00:00
5834883,diff-modified,ChangedUser Tags (store_tags)–tags only switched places (hidden to reduce noise),,,2019-02-18T16:22:52+00:00
5833021,diff-modified,ChangedUser Tags (store_tags)–tags only switched places (hidden to reduce noise),,,2019-02-18T08:22:45+00:00
5831639,diff-modified,ChangedUser Tags (store_tags)–tags only switched places (hidden to reduce noise),,,2019-02-17T20:22:51+00:00
5831246,diff-modified,ChangedUser Tags (store_tags)–tags only switched places (hidden to reduce noise),,,2019-02-17T16:22:51+00:00
5830837,diff-modified,ChangedUser Tags (store_tags)Added1742:Story Rich(1742),Story Rich,Story Rich,2019-02-17T12:22:55+00:00
5830837,diff-added,Added1742:Story Rich(1742),Story Rich,Story Rich,2019-02-17T12:22:55+00:00
5830481,diff-modified,ChangedUser Tags (store_tags)–tags only switched places (hidden to reduce noise),,,2019-02-17T08:22:47+00:00
5829539,diff-modified,ChangedUser Tags (store_tags)Added4182:Singleplayer(4182),Singleplayer,Singleplayer,2019-02-16T20:22:53+00:00
5829539,diff-added,Added4182:Singleplayer(4182),Singleplayer,Singleplayer,2019-02-16T20:22:53+00:00
5829114,diff-modified,ChangedUser Tags (store_tags)–tags only switched places (hidden to reduce noise),,,2019-02-16T16:22:55+00:00
5828636,diff-modified,ChangedUser Tags (store_tags)Added6815:Hand-drawn(6815),Hand-drawn,Hand-drawn,2019-02-16T12:22:50+00:00
5828636,diff-added,Added6815:Hand-drawn(6815),Hand-drawn,Hand-drawn,2019-02-16T12:22:50+00:00
5827845,diff-modified,ChangedUser Tags (store_tags)–tags only switched places (hidden to reduce noise),,,2019-02-16T04:22:43+00:00
5827359,diff-modified,ChangedUser Tags (store_tags)–tags only switched places (hidden to reduce noise),,,2019-02-16T00:22:49+00:00
5825535,diff-modified,ChangedUser Tags (store_tags)Added1625:Platformer(1625),Platformer,Platformer,2019-02-15T16:22:52+00:00
5825535,diff-added,Added1625:Platformer(1625),Platformer,Platformer,2019-02-15T16:22:52+00:00
5824441,diff-modified,ChangedUser Tags (store_tags)–tags only switched places (hidden to reduce noise),,,2019-02-15T12:22:51+00:00
5823342,diff-modified,ChangedUser Tags (store_tags)Added3871:2D(3871)Added4166:Atmospheric(4166)Added7208:Female Protagonist(7208),2D,Female Protagonist,2019-02-15T08:22:42+00:00
5823342,diff-added,Added3871:2D(3871),2D,2D,2019-02-15T08:22:42+00:00
5823342,diff-added,Added4166:Atmospheric(4166),Atmospheric,Atmospheric,2019-02-15T08:22:42+00:00
5823342,diff-added,Added7208:Female Protagonist(7208),Female Protagonist,Female Protagonist,2019-02-15T08:22:42+00:00
5822737,diff-modified,ChangedUser Tags (store_tags)Added1756:Great Soundtrack(1756)Added4026:Difficult(4026),Great Soundtrack,Difficult,2019-02-15T04:22:44+00:00
5822737,diff-added,Added1756:Great Soundtrack(1756),Great Soundtrack,Great Soundtrack,2019-02-15T04:22:44+00:00
5822737,diff-added,Added4026:Difficult(4026),Difficult,Difficult,2019-02-15T04:22:44+00:00
5821052,diff-modified,ChangedUser Tags (store_tags)Added1628:Metroidvania(1628),Metroidvania,Metroidvania,2019-02-15T00:22:47+00:00
5821052,diff-added,Added1628:Metroidvania(1628),Metroidvania,Metroidvania,2019-02-15T00:22:47+00:00
5818599,diff-added,AddedUser Tags (store_tags)Added19:Action(19)Added21:Adventure(21)Added492:Indie(492),Action,Indie,2019-02-14T20:22:54+00:00
5818599,diff-added,Added19:Action(19),Action,Action,2019-02-14T20:22:54+00:00
5818599,diff-added,Added21:Adventure(21),Adventure,Adventure,2019-02-14T20:22:54+00:00
5818599,diff-added,Added492:Indie(492),Indie,Indie,2019-02-14T20:22:54+00:00
5 years ago· 14 February 2019 – 18:21:00 UTC,diff-added,AddedStore Release Date–TBA,,,2019-02-14T18:21:00+00:00
5 years ago· 14 February 2019 – 18:21:00 UTC,diff-added,AddedCategoriesAddedSingle-playerAddedFull Controller Support,,,2019-02-14T18:21:00+00:00
5 years ago· 14 February 2019 – 18:21:00 UTC,diff-added,AddedSingle-player,,,2019-02-14T18:21:00+00:00
5 years ago· 14 February 2019 – 18:21:00 UTC,diff-added,AddedFull Controller Support,,,2019-02-14T18:21:00+00:00
5 years ago· 14 February 2019 – 18:21:00 UTC,bookmark,AddedStore Name–Hollow Knight: Silksong,,,2019-02-14T18:21:00+00:00
5818000,diff-added,Addedheader_imageAddedenglish:header.jpg,,,2019-02-14T18:04:10+00:00
5818000,diff-added,Addedenglish:header.jpg,,,2019-02-14T18:04:10+00:00
5818000,diff-added,Addedsmall_capsuleAddedenglish:capsule_231x87.jpg,,,2019-02-14T18:04:10+00:00
5818000,diff-added,Addedenglish:capsule_231x87.jpg,,,2019-02-14T18:04:10+00:00
5818000,diff-added,Addedcontroller_support–full,,,2019-02-14T18:04:10+00:00
5818000,diff-added,Addedmetacritic_name–Hollow Knight: Silksong,,,2019-02-14T18:04:10+00:00
5817996,diff-added,AddedExclude from family sharing(exfgls)–1,,,2019-02-14T18:03:51+00:00
5817996,diff-added,Addedcommunity_hub_visible–1,,,2019-02-14T18:03:51+00:00
5817996,diff-added,AddedReleaseState–prerelease,,,2019-02-14T18:03:51+00:00
5817996,diff-added,Addedclienticns–287742fa38edea4f4727583b0b6b4fe59535277b,287742fa38edea4f4727583b0b6b4fe59535277b,287742fa38edea4f4727583b0b6b4fe59535277b,2019-02-14T18:03:51+00:00
5817996,diff-added,AddedLinuxClientIcon–b1f66badd079b7856a0242d0fe5ee190e4a3225c,b1f66badd079b7856a0242d0fe5ee190e4a3225c,b1f66badd079b7856a0242d0fe5ee190e4a3225c,2019-02-14T18:03:51+00:00
5817996,diff-added,Addedclienticon–bb443a5a0b7ff5116bcf6c178a9a3b2b2b5f1ccd,bb443a5a0b7ff5116bcf6c178a9a3b2b2b5f1ccd,bb443a5a0b7ff5116bcf6c178a9a3b2b2b5f1ccd,2019-02-14T18:03:51+00:00
5817996,diff-added,Addedclienttga–f091b616cdee9eb03c0acaf4c9e1f1be11e42fa1,f091b616cdee9eb03c0acaf4c9e1f1be11e42fa1,f091b616cdee9eb03c0acaf4c9e1f1be11e42fa1,2019-02-14T18:03:51+00:00
5817996,diff-added,Addedicon–f99d53ae932ecc8b83c7504ebacb45c862faf436,f99d53ae932ecc8b83c7504ebacb45c862faf436,f99d53ae932ecc8b83c7504ebacb45c862faf436,2019-02-14T18:03:51+00:00
5817996,diff-added,Addedlogo_small–264bc84b502083e1806d3041582582b8e33fe824_thumb,264bc84b502083e1806d3041582582b8e33fe824_thumb,264bc84b502083e1806d3041582582b8e33fe824_thumb,2019-02-14T18:03:51+00:00
5817996,diff-added,Addedlogo–264bc84b502083e1806d3041582582b8e33fe824,264bc84b502083e1806d3041582582b8e33fe824,264bc84b502083e1806d3041582582b8e33fe824,2019-02-14T18:03:51+00:00
5817996,diff-added,AddedType–Game,,,2019-02-14T18:03:51+00:00
5817996,bookmark,AddedName–Hollow Knight: Silksong,,,2019-02-14T18:03:51+00:00
5817996,repo,App was published in the database,,,2019-02-14T18:03:51+00:00
5782401,package-dependencies,Added this app to packageHollow Knight: Silksong(342712),Hollow Knight: Silksong,Hollow Knight: Silksong,2019-02-07T03:24:54+00:00
5782401,package-dependencies,Added this app to packageSteam Sub 342710(342710),Steam Sub 342710,Steam Sub 342710,2019-02-07T03:24:54+00:00
5782401,package-dependencies,Added this app to packageHollow Knight: Silksong for Beta Testing(342711),Hollow Knight: Silksong for Beta Testing,Hollow Knight: Silksong for Beta Testing,2019-02-07T03:24:54+00:00
